{"0": {"accuracy": [0.0, 0.7272727489471436, 0.800000011920929, 0.8258064389228821, 0.8341463208198547, 0.8549019694328308, 0.8590164184570312, 0.8619718551635742, 0.8691357970237732, 0.8615384697914124, 0.8673267364501953, 0.8720721006393433, 0.8776859641075134, 0.8732824325561523, 0.873758852481842, 0.8715232014656067, 0.8720496892929077, 0.8736842274665833, 0.8696132302284241, 0.8680628538131714, 0.8646765947341919, 0.864454984664917, 0.8660633563995361, 0.8692640662193298, 0.8697095513343811, 0.8717131614685059, 0.8735632300376892, 0.876014769077301, 0.8761565685272217, 0.8783504962921143, 0.880398690700531, 0.8803858757019043, 0.8822429776191711, 0.8815709948539734, 0.8832844495773315, 0.8837606906890869, 0.8836565017700195, 0.8840970396995544, 0.8834645748138428, 0.8849104642868042, 0.8832917809486389, 0.8832116723060608, 0.8826603293418884, 0.8835266828536987, 0.8839002251625061, 0.8829268217086792, 0.8832972049713135, 0.8849256634712219, 0.8852390646934509, 0.8867617249488831], "loss": [2.1467819213867188, 1.555372714996338, 1.3031249046325684, 1.066717505455017, 0.964120626449585, 0.8623833656311035, 0.8365301489830017, 0.8144509196281433, 0.7686300873756409, 0.8057416677474976, 0.7681488394737244, 0.7262846231460571, 0.6905502676963806, 0.6884841322898865, 0.7003065347671509, 0.6925152540206909, 0.689276397228241, 0.6734097599983215, 0.6907686591148376, 0.7080457806587219, 0.7201947569847107, 0.7276630997657776, 0.7185137867927551, 0.6956292986869812, 0.6889998316764832, 0.68033367395401, 0.6685133576393127, 0.6497743129730225, 0.6575779318809509, 0.6458673477172852, 0.6382229924201965, 0.6393741965293884, 0.6292189359664917, 0.630278468132019, 0.6213264465332031, 0.6170303225517273, 0.6115797758102417, 0.6062123775482178, 0.6097384691238403, 0.6047549843788147, 0.6083713173866272, 0.6058246493339539, 0.6080048680305481, 0.6059287786483765, 0.6016334295272827, 0.6060118675231934, 0.60093092918396, 0.5919986963272095, 0.5882076025009155, 0.5785529613494873], "val_accuracy": [1.0, 1.0, 1.0, 0.8999999761581421, 0.9200000166893005, 0.9333333373069763, 0.9142857193946838, 0.8999999761581421, 0.9111111164093018, 0.8999999761581421, 0.8909090757369995, 0.8833333253860474, 0.8769230842590332, 0.8857142925262451, 0.8933333158493042, 0.875, 0.8823529481887817, 0.8888888955116272, 0.8947368264198303, 0.8999999761581421, 0.8857142925262451, 0.8909090757369995, 0.895652174949646, 0.8999999761581421, 0.9039999842643738, 0.9076923131942749, 0.9037036895751953, 0.9071428775787354, 0.9103448390960693, 0.8999999761581421, 0.896774172782898, 0.8999999761581421, 0.8909090757369995, 0.8941176533699036, 0.8971428275108337, 0.8999999761581421, 0.8972973227500916, 0.8947368264198303, 0.8974359035491943, 0.8949999809265137, 0.8926829099655151, 0.8952381014823914, 0.8976744413375854, 0.8999999761581421, 0.902222216129303, 0.904347836971283, 0.9021276831626892, 0.8999999761581421, 0.8938775658607483, 0.8920000195503235, 0.8941176533699036, 0.8961538672447205, 0.8981131911277771, 0.8962963223457336, 0.8981817960739136, 0.8928571343421936, 0.8947368264198303, 0.8931034207344055, 0.8949152827262878, 0.8966666460037231, 0.8983606696128845, 0.8999999761581421, 0.9015873074531555, 0.903124988079071, 0.9046154022216797, 0.903030276298523, 0.9014925360679626, 0.9017857313156128], "val_loss": [0.2021576166152954, 0.10256844758987427, 0.06902795284986496, 1.3185186386108398, 1.060633659362793, 0.887192964553833, 1.247088074684143, 1.1897469758987427, 1.0622888803482056, 1.1275548934936523, 1.0651484727859497, 1.0131890773773193, 1.0645291805267334, 0.9886085391044617, 0.9234888553619385, 1.0000452995300293, 0.9431357979774475, 0.8917040228843689, 0.8448848724365234, 0.8030577898025513, 0.8424785733222961, 0.8044385313987732, 0.7696308493614197, 0.7380520701408386, 0.7093066573143005, 0.6821232438087463, 0.6888144016265869, 0.6645549535751343, 0.6426475644111633, 0.691433846950531, 0.6793632507324219, 0.6655856370925903, 0.668166995048523, 0.6485949754714966, 0.6310463547706604, 0.6136627197265625, 0.6430431604385376, 0.6451147198677063, 0.6287153363227844, 0.6548011898994446, 0.6462374329566956, 0.6309457421302795, 0.6166961193084717, 0.6027746200561523, 0.58950275182724, 0.5774096846580505, 0.5954025387763977, 0.5921415090560913, 0.6185500621795654, 0.6308019161224365, 0.618523895740509, 0.6107991337776184, 0.5994875431060791, 0.5970932841300964, 0.5864468812942505, 0.632344126701355, 0.6218695640563965, 0.6691553592681885, 0.6584081053733826, 0.6476094722747803, 0.6371975541114807, 0.6270018219947815, 0.6173125505447388, 0.6077999472618103, 0.6014889478683472, 0.6032646894454956, 0.609566330909729, 0.6078009605407715]}}